﻿<?xml version="1.0" encoding="utf-8" ?>
<type version="4.0" playbackSource="HTML" editorType="HTML" canSendCompletion="true">
  <instance>
    <languages>
      <language name="neutral" />
    </languages>
  </instance>
  <editor>
    <languages>
      <language name="neutral">
        <name>Modern Click to Open</name>
        <description>A Modern inspired page with clickable tiles that open new pages into a popup window.</description>
      </language>
    </languages>
  </editor>
</type>
