﻿<?xml version="1.0" encoding="UTF-8"?>
<contents>
  <videoPreferences>
    <item required="yes" mediaPath="" LC="yes" PLC="yes" frameRate="29" frameSize="768x432" videoBitRate="500kbps" audioBitRate="48kbps" bufferingWindow="3" namingScheme="*.mp4" videoPlayerType="MP4" userDownload="true" uiLabel="VideoQualityMedium" notes="frame sizes, frame rates and aspect ratio can change to suite content (recorded demo vs. talking head)">MP4 (standard)</item>
  </videoPreferences>
  <audioContent>
    <file name="audio1.mp3" />
    <file name="audio2.mp3" />
  </audioContent>
  <videoContent>
    <file name="video1.mp4" />
  </videoContent>
</contents>