﻿<?xml version="1.0" encoding="UTF-8"?>
<contents>
  <videoPreferences>
    <item mediaPath="" LC="yes" PLC="yes" frameRate="29" frameSize="768x432" videoBitRate="800kbps" audioBitRate="48kbps" bufferingWindow="3" namingScheme="*_High.mp4" videoPlayerType="MP4" userDownload="false" uiLabel="VideoQualityHigh" notes="frame sizes, frame rates and aspect ratio can change to suite content (recorded demo vs. talking head).">MP4 (high)</item>
    <item required="yes" selected="yes" mediaPath="" LC="yes" PLC="yes" frameRate="29" frameSize="768x432" videoBitRate="500kbps" audioBitRate="48kbps" bufferingWindow="3" namingScheme="*.mp4" videoPlayerType="MP4" userDownload="true" uiLabel="VideoQualityMedium" notes="frame sizes, frame rates and aspect ratio can change to suite content (recorded demo vs. talking head)">MP4 (standard)</item>
    <item mediaPath="" LC="yes" PLC="yes" frameRate="29" frameSize="768x432" videoBitRate="300kbps" audioBitRate="48kbps" bufferingWindow="3" namingScheme="*_Low.mp4" videoPlayerType="MP4" userDownload="false" uiLabel="VideoQualityLow" notes="frame sizes, frame rates and aspect ratio can change to suite content (recorded demo vs. talking head)">MP4 (low)</item>
    <item mediaPath="" LC="yes" PLC="yes" frameRate="29" frameSize="varies" videoBitRate="varies" audioBitRate="varies" bufferingWindow="3" namingScheme="*.ism/Manifest" videoPlayerType="streaming" userDownload="false" uiLabel="VideoQualityLow" notes="please refer to documentation for encoding details">Smooth Streaming</item>
    <item mediaPath="" LC="yes" PLC="yes" frameRate="29" frameSize="varies" videoBitRate="varies" audioBitRate="varies" bufferingWindow="3" namingScheme="*.ism/manifest(format=mpd-time-csf)" videoPlayerType="streaming" userDownload="false" uiLabel="VideoQualityLow" notes="please refer to documentation for encoding details">MPEG-DASH</item>
  </videoPreferences>
  <attributeNames>
    <attribute name="mediaPath" text="Media Path" show="yes" editable="yes" columnWidth="350" />
    <attribute name="LC" text="LC Required" show="no" editable="no" columnWidth="60" />
    <attribute name="PLC" text="PLC Supported" show="no" editable="no" columnWidth="60" />
    <attribute name="frameRate" text="Frame Rate" show="yes" editable="no" columnWidth="80" />
    <attribute name="frameSize" text="Frame Size" show="yes" editable="no" columnWidth="80" />
    <attribute name="videoBitRate" text="Video Bit Rate" show="yes" editable="no" columnWidth="80" />
    <attribute name="audioBitRate" text="Audio Bit Rate" show="yes" editable="no" columnWidth="80" />
    <attribute name="bufferingWindow" text="Buffering Window" show="yes" editable="no" columnWidth="80" />
    <attribute name="namingScheme" text="Naming Scheme" show="yes" editable="no" columnWidth="80" />
    <attribute name="videoPlayerType" text="" show="no" editable="no" />
    <attribute name="userDownload" text="" show="no" editable="no" />
    <attribute name="uiLabel" text="Label" show="no" editable="no" />
    <attribute name="notes" text="Notes" show="yes" editable="no" columnWidth="300" />
  </attributeNames>
</contents>