﻿<?xml version="1.0" encoding="utf-8"?>
<root>
  <!-- 
    Microsoft ResX Schema 
    
    Version 2.0
    
    The primary goals of this format is to allow a simple XML format 
    that is mostly human readable. The generation and parsing of the 
    various data types are done through the TypeConverter classes 
    associated with the data types.
    
    Example:
    
    ... ado.net/XML headers & schema ...
    <resheader name="resmimetype">text/microsoft-resx</resheader>
    <resheader name="version">2.0</resheader>
    <resheader name="reader">System.Resources.ResXResourceReader, System.Windows.Forms, ...</resheader>
    <resheader name="writer">System.Resources.ResXResourceWriter, System.Windows.Forms, ...</resheader>
    <data name="Name1"><value>this is my long string</value><comment>this is a comment</comment></data>
    <data name="Color1" type="System.Drawing.Color, System.Drawing">Blue</data>
    <data name="Bitmap1" mimetype="application/x-microsoft.net.object.binary.base64">
        <value>[base64 mime encoded serialized .NET Framework object]</value>
    </data>
    <data name="Icon1" type="System.Drawing.Icon, System.Drawing" mimetype="application/x-microsoft.net.object.bytearray.base64">
        <value>[base64 mime encoded string representing a byte array form of the .NET Framework object]</value>
        <comment>This is a comment</comment>
    </data>
                
    There are any number of "resheader" rows that contain simple 
    name/value pairs.
    
    Each data row contains a name, and value. The row also contains a 
    type or mimetype. Type corresponds to a .NET class that support 
    text/value conversion through the TypeConverter architecture. 
    Classes that don't support this are serialized and stored with the 
    mimetype set.
    
    The mimetype is used for serialized objects, and tells the 
    ResXResourceReader how to depersist the object. This is currently not 
    extensible. For a given mimetype the value must be set accordingly:
    
    Note - application/x-microsoft.net.object.binary.base64 is the format 
    that the ResXResourceWriter will generate, however the reader can 
    read any of the formats listed below.
    
    mimetype: application/x-microsoft.net.object.binary.base64
    value   : The object must be serialized with 
            : System.Runtime.Serialization.Formatters.Binary.BinaryFormatter
            : and then encoded with base64 encoding.
    
    mimetype: application/x-microsoft.net.object.soap.base64
    value   : The object must be serialized with 
            : System.Runtime.Serialization.Formatters.Soap.SoapFormatter
            : and then encoded with base64 encoding.

    mimetype: application/x-microsoft.net.object.bytearray.base64
    value   : The object must be serialized into a byte array 
            : using a System.ComponentModel.TypeConverter
            : and then encoded with base64 encoding.
    -->
  <xsd:schema id="root" xmlns="" xmlns:xsd="http://www.w3.org/2001/XMLSchema" xmlns:msdata="urn:schemas-microsoft-com:xml-msdata">
    <xsd:import namespace="http://www.w3.org/XML/1998/namespace" />
    <xsd:element name="root" msdata:IsDataSet="true">
      <xsd:complexType>
        <xsd:choice maxOccurs="unbounded">
          <xsd:element name="metadata">
            <xsd:complexType>
              <xsd:sequence>
                <xsd:element name="value" type="xsd:string" minOccurs="0" />
              </xsd:sequence>
              <xsd:attribute name="name" use="required" type="xsd:string" />
              <xsd:attribute name="type" type="xsd:string" />
              <xsd:attribute name="mimetype" type="xsd:string" />
              <xsd:attribute ref="xml:space" />
            </xsd:complexType>
          </xsd:element>
          <xsd:element name="assembly">
            <xsd:complexType>
              <xsd:attribute name="alias" type="xsd:string" />
              <xsd:attribute name="name" type="xsd:string" />
            </xsd:complexType>
          </xsd:element>
          <xsd:element name="data">
            <xsd:complexType>
              <xsd:sequence>
                <xsd:element name="value" type="xsd:string" minOccurs="0" msdata:Ordinal="1" />
                <xsd:element name="comment" type="xsd:string" minOccurs="0" msdata:Ordinal="2" />
              </xsd:sequence>
              <xsd:attribute name="name" type="xsd:string" use="required" msdata:Ordinal="1" />
              <xsd:attribute name="type" type="xsd:string" msdata:Ordinal="3" />
              <xsd:attribute name="mimetype" type="xsd:string" msdata:Ordinal="4" />
              <xsd:attribute ref="xml:space" />
            </xsd:complexType>
          </xsd:element>
          <xsd:element name="resheader">
            <xsd:complexType>
              <xsd:sequence>
                <xsd:element name="value" type="xsd:string" minOccurs="0" msdata:Ordinal="1" />
              </xsd:sequence>
              <xsd:attribute name="name" type="xsd:string" use="required" />
            </xsd:complexType>
          </xsd:element>
        </xsd:choice>
      </xsd:complexType>
    </xsd:element>
  </xsd:schema>
  <resheader name="resmimetype">
    <value>text/microsoft-resx</value>
  </resheader>
  <resheader name="version">
    <value>2.0</value>
  </resheader>
  <resheader name="reader">
    <value>System.Resources.ResXResourceReader, System.Windows.Forms, Version=4.0.0.0, Culture=neutral, PublicKeyToken=b77a5c561934e089</value>
  </resheader>
  <resheader name="writer">
    <value>System.Resources.ResXResourceWriter, System.Windows.Forms, Version=4.0.0.0, Culture=neutral, PublicKeyToken=b77a5c561934e089</value>
  </resheader>
  <data name="Alphabet_Letters" xml:space="preserve">
    <value>ABCDEFGHIJKLMNOPQRSTUVWXYZ</value>
  </data>
  <data name="AlreadyDownloadedDialog_DownloadCourse_Info_Text" xml:space="preserve">
    <value>Download</value>
  </data>
  <data name="AlreadyDownloadedDialog_DownloadCourseDescription_Info_Text" xml:space="preserve">
    <value>You can download the course to your computer again so you can launch the course offline.</value>
  </data>
  <data name="AlreadyDownloadedDialog_ForceOnline_Info_Text" xml:space="preserve">
    <value>Force Online</value>
  </data>
  <data name="AlreadyDownloadedDialog_ForceOnlineDescription_Info_Text" xml:space="preserve">
    <value>This option will force the course to launch online, and allow you to resume from your last synchronized progress point. Please note that any unsynchronized progress from any computer you have downloaded the course to will be lost.</value>
  </data>
  <data name="AlreadyDownloadedDialog_GoToFastHelp_Info_Text" xml:space="preserve">
    <value>Go to FastHelp</value>
  </data>
  <data name="AlreadyDownloadedDialog_GoToFastHelpDescription_Info_Text" xml:space="preserve">
    <value>Go to FastHelp to request a switch back to the online version of the course. After a FastHelp support person makes the switch, you will NOT be able to synchronize any information from the offline version of the course. The offline version of the course will be removed from your offline catalog.</value>
  </data>
  <data name="AlreadyDownloadedDialog_Help_Header_Text" xml:space="preserve">
    <value>Stuck? Need Help?</value>
  </data>
  <data name="AlreadyDownloadedDialog_Introduction_Text" xml:space="preserve">
    <value>This course has already been downloaded for offline use. In order to continue, you can:</value>
  </data>
  <data name="AlreadyDownloadedDialog_MustDownloadFirst_Text" xml:space="preserve">
    <value>Please select the download course option to download the Access Point offline player. After the offline player is downloaded and installed, click on the force offline link again.</value>
  </data>
  <data name="AlreadyDownloadedDialog_WindowTitle_Info_Text" xml:space="preserve">
    <value>Course Is Already Downloaded</value>
  </data>
  <data name="AppBar_ChangeTracks_Button_Text" xml:space="preserve">
    <value>Change Tracks</value>
  </data>
  <data name="AppBar_CourseTranscript_Button_Text" xml:space="preserve">
    <value>Transcript</value>
  </data>
  <data name="AppBar_Discussion_Button_Text" xml:space="preserve">
    <value>Community</value>
  </data>
  <data name="AppBar_Download_Button_Text" xml:space="preserve">
    <value>Download</value>
  </data>
  <data name="AppBar_Glossary_Button_Text" xml:space="preserve">
    <value>Glossary</value>
  </data>
  <data name="AppBar_Help_Button_Text" xml:space="preserve">
    <value>Help</value>
  </data>
  <data name="AppBar_Languages_Button_Text" xml:space="preserve">
    <value>Languages</value>
  </data>
  <data name="AppBar_Resources_Button_Text" xml:space="preserve">
    <value>Resources</value>
  </data>
  <data name="AppBar_TableOfContents_Button_Text" xml:space="preserve">
    <value>Contents</value>
  </data>
  <data name="AreYouMicrosoftFTE_Question_Text" xml:space="preserve">
    <value>Are you a Microsoft FTE?</value>
  </data>
  <data name="Assessment_Buttons_AccessibleButton_Text" xml:space="preserve">
    <value>Accessible</value>
  </data>
  <data name="Assessment_Buttons_AccessibleButtonTitle_Text" xml:space="preserve">
    <value>toggle accessible mode</value>
  </data>
  <data name="Assessment_Buttons_CheckAnswer_Text" xml:space="preserve">
    <value>Check Answer</value>
  </data>
  <data name="Assessment_Buttons_CheckAnswerFail_Text" xml:space="preserve">
    <value>Please select a response and then click on the Check Answer button</value>
  </data>
  <data name="Assessment_Buttons_DetailedFeedback_Text" xml:space="preserve">
    <value>Detailed Feedback</value>
  </data>
  <data name="Assessment_Buttons_FeedbackReport_Text" xml:space="preserve">
    <value>feedback report</value>
  </data>
  <data name="Assessment_Buttons_HideAnswer_Text" xml:space="preserve">
    <value>Hide Correct Answer</value>
  </data>
  <data name="Assessment_Buttons_Instructions_Text" xml:space="preserve">
    <value>introduction</value>
  </data>
  <data name="Assessment_Buttons_NextQuestion_Text" xml:space="preserve">
    <value>Next Question</value>
  </data>
  <data name="Assessment_Buttons_PreviousQuestion_Text" xml:space="preserve">
    <value>Previous Question</value>
  </data>
  <data name="Assessment_Buttons_Questions_Text" xml:space="preserve">
    <value>questions</value>
  </data>
  <data name="Assessment_Buttons_Retry_Text" xml:space="preserve">
    <value>Retry?</value>
  </data>
  <data name="Assessment_Buttons_Review_Text" xml:space="preserve">
    <value>my scorecard</value>
  </data>
  <data name="Assessment_Buttons_ShowAnswer_Text" xml:space="preserve">
    <value>Show Correct Answer</value>
  </data>
  <data name="Assessment_CorrectAnswer_Format" xml:space="preserve">
    <value>The correct answer is: {0}</value>
  </data>
  <data name="Assessment_Dialog_Close_Text" xml:space="preserve">
    <value>EXIT</value>
  </data>
  <data name="Assessment_FailTestButton_Text" xml:space="preserve">
    <value>Fail Test</value>
  </data>
  <data name="Assessment_Feedback_Correct" xml:space="preserve">
    <value>CORRECT</value>
  </data>
  <data name="Assessment_Feedback_Incorrect_Finished" xml:space="preserve">
    <value>INCORRECT</value>
  </data>
  <data name="Assessment_HoursBeforeNextAttempt_WaitMsg_Text" xml:space="preserve">
    <value>You must wait until %%date%% to attempt this test again.</value>
  </data>
  <data name="Assessment_Intro_Test_None_Text" xml:space="preserve">
    <value>You are not required to take this test because you have passed all of the objectives for this test.</value>
  </data>
  <data name="Assessment_Introduction_BeginButton_Text" xml:space="preserve">
    <value>Begin Assessment</value>
  </data>
  <data name="Assessment_Introduction_IframeTitle_Text" xml:space="preserve">
    <value>Introduction</value>
  </data>
  <data name="Assessment_Notify_RetryQuestionRequired_Text" xml:space="preserve">
    <value>Please click on the Retry button to attempt the question again</value>
  </data>
  <data name="Assessment_Notify_ScoreQuestionRequired_Text" xml:space="preserve">
    <value>Please click on the Check Answer button to check your response</value>
  </data>
  <data name="Assessment_PassTestButton_Text" xml:space="preserve">
    <value>Pass Test</value>
  </data>
  <data name="Assessment_Question_Title_Text" xml:space="preserve">
    <value>Question %%index%%/%%total%%</value>
  </data>
  <data name="Assessment_Results_Attempts_TooMany_Text" xml:space="preserve">
    <value>You have used all of the available attempts for this test.</value>
  </data>
  <data name="Assessment_Results_AttemptsLeft_Text" xml:space="preserve">
    <value>%%attempts%%/%%total%% Attempts</value>
  </data>
  <data name="Assessment_Results_Congratulation_Text" xml:space="preserve">
    <value>Congratulations, your score is %%percent%%%</value>
  </data>
  <data name="Assessment_Results_CongratulationOnly_Text" xml:space="preserve">
    <value>Congratulations</value>
  </data>
  <data name="Assessment_Results_Directions_Fail_Text" xml:space="preserve">
    <value>Retry</value>
  </data>
  <data name="Assessment_Results_Directions_GradeTest_Text" xml:space="preserve">
    <value>Score Test</value>
  </data>
  <data name="Assessment_Results_Directions_Incomplete_Text" xml:space="preserve">
    <value>Return to test</value>
  </data>
  <data name="Assessment_Results_Directions_Pass_Text" xml:space="preserve">
    <value>Results Summary</value>
  </data>
  <data name="Assessment_Results_FailNumber_Text" xml:space="preserve">
    <value>Your score is %%correct%%/%%total%%</value>
  </data>
  <data name="Assessment_Results_FailPercent_Text" xml:space="preserve">
    <value>Your score is %%percent%%%</value>
  </data>
  <data name="Assessment_Results_FirstUnanswered_Text" xml:space="preserve">
    <value>Navigate back to the first unanswered question</value>
  </data>
  <data name="Assessment_Results_IframeTitle_Text" xml:space="preserve">
    <value>Results</value>
  </data>
  <data name="Assessment_Results_MustScore_Text" xml:space="preserve">
    <value>Click on the score test button to automatically grade your responses</value>
  </data>
  <data name="Assessment_Results_Not_Answered_Text" xml:space="preserve">
    <value>%%number%% question(s) remaining</value>
  </data>
  <data name="Assessment_Results_Question_Text" xml:space="preserve">
    <value>Show question %%number%%</value>
  </data>
  <data name="Assessment_Results_Retry_Text" xml:space="preserve">
    <value>Retry the assessment</value>
  </data>
  <data name="Assessment_Results_ShowReport1_Text" xml:space="preserve">
    <value>Show</value>
  </data>
  <data name="Assessment_Results_ShowReport2_Text" xml:space="preserve">
    <value>Feedback Report</value>
  </data>
  <data name="Assessment_Results_Status_Complete_Text" xml:space="preserve">
    <value>complete</value>
  </data>
  <data name="Assessment_Results_Status_Correct_Text" xml:space="preserve">
    <value>Correct answer</value>
  </data>
  <data name="Assessment_Results_Status_Fail_AttemptsRemaining_Title" xml:space="preserve">
    <value>Knowledge Check Complete</value>
  </data>
  <data name="Assessment_Results_Status_Fail_NoAttemptsRemaining_Title" xml:space="preserve">
    <value>Knowledge Check Complete</value>
  </data>
  <data name="Assessment_Results_Status_Fail_Text" xml:space="preserve">
    <value>Fail</value>
  </data>
  <data name="Assessment_Results_Status_Incomplete_Text" xml:space="preserve">
    <value>incomplete</value>
  </data>
  <data name="Assessment_Results_Status_Incomplete_Title" xml:space="preserve">
    <value>%%number%% question%%plural%% remaining</value>
  </data>
  <data name="Assessment_Results_Status_Incorrect_Text" xml:space="preserve">
    <value>Incorrect answer</value>
  </data>
  <data name="Assessment_Results_Status_Pass_Text" xml:space="preserve">
    <value>Pass</value>
  </data>
  <data name="Assessment_Results_Status_Pass_Title" xml:space="preserve">
    <value>Knowledge Check Complete</value>
  </data>
  <data name="Assessment_Results_Status_Unscored_Title" xml:space="preserve">
    <value>How Did You Do?</value>
  </data>
  <data name="Assessment_Status_Failed" xml:space="preserve">
    <value>Failed</value>
  </data>
  <data name="Assessment_Status_InProgress" xml:space="preserve">
    <value>In Progress</value>
  </data>
  <data name="Assessment_Status_NotStarted" xml:space="preserve">
    <value>Not Started</value>
  </data>
  <data name="Assessment_Status_Passed" xml:space="preserve">
    <value>Passed</value>
  </data>
  <data name="Assessment_Status_Tile_Footer_Text" xml:space="preserve">
    <value>My Progress</value>
  </data>
  <data name="Assessment_Status_Tile_QuestionsComplete_Text" xml:space="preserve">
    <value>Questions Complete</value>
  </data>
  <data name="Assessment_SummaryDialog_FeedbackHeader_Text" xml:space="preserve">
    <value>Feedback</value>
  </data>
  <data name="Assessment_SummaryDialog_QuestionHeader_Text" xml:space="preserve">
    <value>Question</value>
  </data>
  <data name="Attempt_Text" xml:space="preserve">
    <value>Attempt</value>
  </data>
  <data name="AudioPlayer_ProgressBar_Title" xml:space="preserve">
    <value>audio progress bar</value>
  </data>
  <data name="AudioPlayer_TranscriptShow_Text" xml:space="preserve">
    <value>Toggle between content and transcript display</value>
  </data>
  <data name="AudioPlayer_VolumeButton_Text" xml:space="preserve">
    <value>Volume</value>
  </data>
  <data name="AudioPlayer_VolumeSlider_Text" xml:space="preserve">
    <value>Volume level</value>
  </data>
  <data name="Branching_Buttons_RelatedOutcomes_Text" xml:space="preserve">
    <value>RELATED OUTCOMES</value>
  </data>
  <data name="Branching_Buttons_Restart_Text" xml:space="preserve">
    <value>Restart</value>
  </data>
  <data name="Branching_Buttons_RetryQuestion_Text" xml:space="preserve">
    <value>Retry Question</value>
  </data>
  <data name="Branching_Buttons_ShowFeedback_Text" xml:space="preserve">
    <value>View Outcome</value>
  </data>
  <data name="Branching_Correct_Header_Text" xml:space="preserve">
    <value>Correct</value>
  </data>
  <data name="Branching_Dialog_Close_Text" xml:space="preserve">
    <value>EXIT</value>
  </data>
  <data name="Branching_FeedbackIncomplete_Text" xml:space="preserve">
    <value>Feedback content must be completed before continuing to the next step.</value>
  </data>
  <data name="Branching_Incorrect_Header_Text" xml:space="preserve">
    <value>Incorrect</value>
  </data>
  <data name="Branching_Next_Button_Title" xml:space="preserve">
    <value>Next Step</value>
  </data>
  <data name="Branching_Notify_ContentIncomplete_Text" xml:space="preserve">
    <value>Please complete the content before continuing.</value>
  </data>
  <data name="Branching_Notify_ContentNotViewed_Text" xml:space="preserve">
    <value>Please view the content before continuing.</value>
  </data>
  <data name="Branching_Notify_FeedbackContentIncomplete_Text" xml:space="preserve">
    <value>Please complete the feedback content before continuing.</value>
  </data>
  <data name="Branching_Notify_FeedbackContentNotViewed_Text" xml:space="preserve">
    <value>Please view the feedback content before continuing.</value>
  </data>
  <data name="Branching_Notify_QuestionMustRetry_Text" xml:space="preserve">
    <value>Please retry the question before continuing.</value>
  </data>
  <data name="Branching_Notify_QuestionNotAnswered_Text" xml:space="preserve">
    <value>Please select an answer before continuing.</value>
  </data>
  <data name="Branching_Previous_Button_Title" xml:space="preserve">
    <value>Previous Step</value>
  </data>
  <data name="Branching_RelatedOutcome_Item" xml:space="preserve">
    <value>Outcome %%index%%</value>
  </data>
  <data name="Branching_RelatedOutcomes_Header_Text" xml:space="preserve">
    <value>Related Outcomes</value>
  </data>
  <data name="BrowserVersion_Error_Text" xml:space="preserve">
    <value>This course will not run in Internet Explorer 8 or below.</value>
  </data>
  <data name="chapters_textString_buttonLabel" xml:space="preserve">
    <value>Show chapter list</value>
  </data>
  <data name="chapters_textString_chapterOverview" xml:space="preserve">
    <value>Chapter Overview</value>
  </data>
  <data name="chapters_textString_close" xml:space="preserve">
    <value>Close chapter list</value>
  </data>
  <data name="chapters_textString_completePrevious" xml:space="preserve">
    <value>COMPLETE PREVIOUS CHAPTER TO UNLOCK</value>
  </data>
  <data name="chapters_textString_duration" xml:space="preserve">
    <value>Duration: {0} Seconds</value>
  </data>
  <data name="chapters_textString_durationMinutes" xml:space="preserve">
    <value>Duration: {0} Minutes</value>
  </data>
  <data name="chapters_textString_gotIt" xml:space="preserve">
    <value>GOT IT</value>
  </data>
  <data name="chapters_textString_restrictionCompletePrior" xml:space="preserve">
    <value />
  </data>
  <data name="chapters_textString_restrictionMustViewAll" xml:space="preserve">
    <value />
  </data>
  <data name="chapters_textString_share" xml:space="preserve">
    <value>SHARE</value>
  </data>
  <data name="chapters_textString_status" xml:space="preserve">
    <value>Status: </value>
  </data>
  <data name="chapters_textString_statusComplete" xml:space="preserve">
    <value>Complete</value>
  </data>
  <data name="chapters_textString_statusLocked" xml:space="preserve">
    <value>Locked</value>
  </data>
  <data name="chapters_textString_statusNotStarted" xml:space="preserve">
    <value>Not Started</value>
  </data>
  <data name="chapters_textString_statusStarted" xml:space="preserve">
    <value>Started</value>
  </data>
  <data name="chapters_textString_view" xml:space="preserve">
    <value>WATCH</value>
  </data>
  <data name="CloseCourse_Complete_Text" xml:space="preserve">
    <value>You have completed the course. My Learning will update your status within 10 mins. Are you sure you want to close this course?</value>
  </data>
  <data name="CloseCourse_NotComplete_Text" xml:space="preserve">
    <value>You have not completed this course. Are you sure you want to close this course?</value>
  </data>
  <data name="Confirmation_No_Text" xml:space="preserve">
    <value>No</value>
  </data>
  <data name="Confirmation_Title_Text" xml:space="preserve">
    <value>Confirmation</value>
  </data>
  <data name="Confirmation_Yes_Text" xml:space="preserve">
    <value>Yes</value>
  </data>
  <data name="Content_Dialog_Close_Text" xml:space="preserve">
    <value>CLOSE</value>
  </data>
  <data name="Contents_CurrentPage" xml:space="preserve">
    <value>current page</value>
  </data>
  <data name="Contents_Header_Description" xml:space="preserve">
    <value>toggle between table of contents and media transcripts</value>
  </data>
  <data name="Contents_LockedModule" xml:space="preserve">
    <value>this module is locked</value>
  </data>
  <data name="Contents_LockedPage" xml:space="preserve">
    <value>this page is locked</value>
  </data>
  <data name="Contents_Module_Complete_Text" xml:space="preserve">
    <value>Complete</value>
  </data>
  <data name="Contents_Module_ModuleComplete_Text" xml:space="preserve">
    <value>Module Complete</value>
  </data>
  <data name="Contents_Module_ModuleInProgress_Text" xml:space="preserve">
    <value>Module In Progress</value>
  </data>
  <data name="Contents_Module_ModuleLocked_Text" xml:space="preserve">
    <value>Module Locked</value>
  </data>
  <data name="Contents_Module_ModuleNotStarted_Text" xml:space="preserve">
    <value>Module Not Started</value>
  </data>
  <data name="Contents_Module_Status_Description" xml:space="preserve">
    <value>Module {0} has {1}, it is {2} and your status is {3}.</value>
  </data>
  <data name="Contents_Modules_Text" xml:space="preserve">
    <value>Modules</value>
  </data>
  <data name="Contents_MyProgress_Text" xml:space="preserve">
    <value>My Progress</value>
  </data>
  <data name="ContentsWidget_Aria_Label" xml:space="preserve">
    <value>Table of contents</value>
  </data>
  <data name="ContentsWidget_Complete_Text" xml:space="preserve">
    <value>complete</value>
  </data>
  <data name="ContentsWidget_Contents_Text" xml:space="preserve">
    <value>Contents</value>
  </data>
  <data name="ContentsWidget_InProgress_Text" xml:space="preserve">
    <value>in progress</value>
  </data>
  <data name="ContentsWidget_NotStarted_Text" xml:space="preserve">
    <value>not started</value>
  </data>
  <data name="ContentsWidget_Optional_Text" xml:space="preserve">
    <value>optional</value>
  </data>
  <data name="ContentsWidget_Page_Complete" xml:space="preserve">
    <value>page complete</value>
  </data>
  <data name="ContentsWidget_Page_Incomplete" xml:space="preserve">
    <value>page incomplete</value>
  </data>
  <data name="ContentsWidget_Page_InProgress" xml:space="preserve">
    <value>page in progress</value>
  </data>
  <data name="ContentsWidget_Required_Text" xml:space="preserve">
    <value>Required</value>
  </data>
  <data name="CourseTranscriptTile_Line1_Text" xml:space="preserve">
    <value>DOWNLOAD THE</value>
  </data>
  <data name="CourseTranscriptTile_Line2_Text" xml:space="preserve">
    <value>support materials</value>
  </data>
  <data name="CourseTranscriptTile_Line3_Text" xml:space="preserve">
    <value>Learning Resources</value>
  </data>
  <data name="DefineYourRole_Dialog_InfoText" xml:space="preserve">
    <value>To provide you with the best training experience, please complete the form below. Your choices will help us deliver course content relevant to your position and career path.</value>
  </data>
  <data name="DefineYourRole_Text" xml:space="preserve">
    <value>Define your role</value>
  </data>
  <data name="descriptions_textString_buttonLabel" xml:space="preserve">
    <value>Toggle audio descriptions</value>
  </data>
  <data name="descriptions_textString_descriptions_label" xml:space="preserve">
    <value>DESCRIPTIONS</value>
  </data>
  <data name="descriptions_textString_descriptionsOff_buttonLabel" xml:space="preserve">
    <value>descriptions off</value>
  </data>
  <data name="descriptions_textString_resumePlayback_buttonLabel" xml:space="preserve">
    <value>Resume playback</value>
  </data>
  <data name="Dialog_Cancel_Button_Text" xml:space="preserve">
    <value>Cancel</value>
  </data>
  <data name="Dialog_Close_Text" xml:space="preserve">
    <value>CLOSE</value>
  </data>
  <data name="Dialog_Submit_Button_Text" xml:space="preserve">
    <value>Submit</value>
  </data>
  <data name="Dialog_Wait_Title_Text" xml:space="preserve">
    <value>Please Wait</value>
  </data>
  <data name="DownloadCourse_Confirm_Text" xml:space="preserve">
    <value>Are you sure you want to download this course?</value>
  </data>
  <data name="DoYouManageOtherMicrosoftFTEs_Question_Text" xml:space="preserve">
    <value>Do you manage other Microsoft FTEs?</value>
  </data>
  <data name="EvaluationDialog_Editable_Title_Text" xml:space="preserve">
    <value>%%courseName%% Evaluation</value>
    <comment>Evaluation Dialog Title</comment>
  </data>
  <data name="EvaluationDialog_Incomplete" xml:space="preserve">
    <value>Please provide a response to all non comment questions before you submit your evaluation.</value>
  </data>
  <data name="EvaluationSubmittedDialog_Error_Body_Text" xml:space="preserve">
    <value>An error occurred while processing the request.</value>
  </data>
  <data name="EvaluationSubmittedDialog_Error_Title_Text" xml:space="preserve">
    <value>Sorry!</value>
  </data>
  <data name="EvaluationSubmittedDialog_Thanks_Body_Text" xml:space="preserve">
    <value>Your evaluation has been submitted successfully.</value>
  </data>
  <data name="EvaluationSubmittedDialog_Thanks_Title_Text" xml:space="preserve">
    <value>Thanks!</value>
  </data>
  <data name="EvaluationSubmittedDialog_Wait_Body_Text" xml:space="preserve">
    <value>Processing request...</value>
  </data>
  <data name="Exit_NotComplete_Text" xml:space="preserve">
    <value>You have NOT completed the course. To complete this course, relaunch the course and complete all required items.</value>
  </data>
  <data name="Footer_Navigation_Label" xml:space="preserve">
    <value>player navigation buttons</value>
  </data>
  <data name="GlossaryDialog_Title_Text" xml:space="preserve">
    <value>Glossary</value>
  </data>
  <data name="Header_QuickLinks_Label" xml:space="preserve">
    <value>Quick Links menu with {0} items.</value>
  </data>
  <data name="HelpDialog_Buttons_FastHelp_Text" xml:space="preserve">
    <value>fast help</value>
  </data>
  <data name="HelpDialog_Buttons_SubmitRequest_Text" xml:space="preserve">
    <value>submit request</value>
  </data>
  <data name="HelpDialog_Fasthelp_Link_Text" xml:space="preserve">
    <value />
  </data>
  <data name="HelpDialog_Title_Text" xml:space="preserve">
    <value>Help</value>
  </data>
  <data name="HighContrastDialog_BlackOnWhite_Text" xml:space="preserve">
    <value>Black on white</value>
  </data>
  <data name="HighContrastDialog_HeaderInfo_Text" xml:space="preserve">
    <value>Please select the high contrast mode that allow you to see the images in the course.</value>
  </data>
  <data name="HighContrastDialog_Title_Text" xml:space="preserve">
    <value>Select High Contrast Mode</value>
  </data>
  <data name="HighContrastDialog_WhiteOnBlack_Text" xml:space="preserve">
    <value>White on black</value>
  </data>
  <data name="InstructionsDialog_Close_Button_Text" xml:space="preserve">
    <value>Close Instructions Dialog</value>
  </data>
  <data name="Item_Collapse_Text" xml:space="preserve">
    <value>Collapse item {0}</value>
  </data>
  <data name="Item_Expand_Text" xml:space="preserve">
    <value>Expand item {0}</value>
  </data>
  <data name="Item_Optional_Complete_Text" xml:space="preserve">
    <value>This item is optional and is incomplete.</value>
  </data>
  <data name="Item_Optional_Incomplete_Text" xml:space="preserve">
    <value>This item is optional and is incomplete.</value>
  </data>
  <data name="Item_Optional_InProgress_Text" xml:space="preserve">
    <value>This item is optional and your status is in progress.</value>
  </data>
  <data name="Item_Required_Complete_Text" xml:space="preserve">
    <value>This item is required and is incomplete.</value>
  </data>
  <data name="Item_Required_Incomplete_Text" xml:space="preserve">
    <value>This item is required and is incomplete.</value>
  </data>
  <data name="Item_Required_InProgress_Text" xml:space="preserve">
    <value>This item is required and your status is in progress.</value>
  </data>
  <data name="Item_Required_NotStarted_Text" xml:space="preserve">
    <value>This item is required and your status is not started.</value>
  </data>
  <data name="keypoints_textString_finalScore" xml:space="preserve">
    <value>Final Score</value>
  </data>
  <data name="keypoints_textString_getYourScore" xml:space="preserve">
    <value>Get your score...</value>
  </data>
  <data name="keypoints_textString_goBackToVideo" xml:space="preserve">
    <value>Go back to video</value>
  </data>
  <data name="keypoints_textString_next" xml:space="preserve">
    <value>Next</value>
  </data>
  <data name="keypoints_textString_question" xml:space="preserve">
    <value>Question</value>
  </data>
  <data name="keypoints_textString_start" xml:space="preserve">
    <value>Start</value>
  </data>
  <data name="keypoints_textString_view" xml:space="preserve">
    <value>View</value>
  </data>
  <data name="LanguageDialog_Title_Text" xml:space="preserve">
    <value>Change Language</value>
  </data>
  <data name="LiveTiles_CloseTile_Text" xml:space="preserve">
    <value>Close tile {0}</value>
  </data>
  <data name="LiveTiles_Collapse_Text" xml:space="preserve">
    <value>Collapse tile</value>
  </data>
  <data name="LiveTiles_ExpandTile_Text" xml:space="preserve">
    <value>Expand tile {0} to see more information for expandable item </value>
  </data>
  <data name="LiveTiles_Hotspot_Text" xml:space="preserve">
    <value>hot spot</value>
  </data>
  <data name="LiveTiles_InProgress_Text" xml:space="preserve">
    <value>In Progress</value>
  </data>
  <data name="LiveTiles_MinutesToComplete_Text" xml:space="preserve">
    <value>minutes to complete</value>
  </data>
  <data name="LiveTiles_Module_Text" xml:space="preserve">
    <value>module</value>
  </data>
  <data name="LiveTiles_MODULESCOMPLETE_Text" xml:space="preserve">
    <value>MODULES COMPLETE</value>
  </data>
  <data name="LiveTiles_OpenTile_Text" xml:space="preserve">
    <value>Open tile</value>
  </data>
  <data name="Magazine_Completed" xml:space="preserve">
    <value>completed</value>
  </data>
  <data name="Magazine_ServiceCall_Wait_Text" xml:space="preserve">
    <value>Retrieving assigned courses</value>
  </data>
  <data name="Magazine_Time_Completion_Text" xml:space="preserve">
    <value>minutes</value>
  </data>
  <data name="Magazine_Time_Remaining" xml:space="preserve">
    <value>minutes remainig</value>
  </data>
  <data name="MediaControls_Captions_Header_Text" xml:space="preserve">
    <value>Captions</value>
  </data>
  <data name="MediaControls_Pause_Menu_Text" xml:space="preserve">
    <value>Pause Audio (CTRL+ALT+P)</value>
  </data>
  <data name="MediaControls_PauseVideo_Menu_Text" xml:space="preserve">
    <value>Pause Video (CTRL+ALT+P)</value>
  </data>
  <data name="MediaControls_Play_Menu_Text" xml:space="preserve">
    <value>Play Audio (CTRL+ALT+P)</value>
  </data>
  <data name="MediaControls_PlayVideo_Menu_Text" xml:space="preserve">
    <value>Play Video (CTRL+ALT+P)</value>
  </data>
  <data name="Menu_Exit_Menu_Text" xml:space="preserve">
    <value>EXIT</value>
  </data>
  <data name="Menu_Exit_Menu_Title_Text" xml:space="preserve">
    <value>Exit (CTRL+ALT+X)</value>
  </data>
  <data name="Menu_Quick_Links_Menu_Text" xml:space="preserve">
    <value>QUICK LINKS</value>
  </data>
  <data name="Menu_Text" xml:space="preserve">
    <value>MENU</value>
  </data>
  <data name="Menu_Welcome_Menu_Text" xml:space="preserve">
    <value>Welcome</value>
  </data>
  <data name="ModuleCard_Optional_Info_Text" xml:space="preserve">
    <value>(optional)</value>
  </data>
  <data name="ModuleCompletedMessage_Text" xml:space="preserve">
    <value>You have completed this module.</value>
  </data>
  <data name="ModuleCompletionButton_Text" xml:space="preserve">
    <value>I have completed this module</value>
  </data>
  <data name="ModuleCompletionPrompt_Text" xml:space="preserve">
    <value>Click the button below to acknowledge that you have completed this module.</value>
  </data>
  <data name="Navigation_CannotEnter" xml:space="preserve">
    <value>You must complete the following module(s) before you can enter this module:</value>
  </data>
  <data name="Navigation_LeaveTestOut_Text" xml:space="preserve">
    <value>You can only attempt the test out once. Do you really want to leave the test-out prior to completing it?</value>
  </data>
  <data name="Navigation_LinearRequiredComplete" xml:space="preserve">
    <value>This module requires that you complete the pages in order. Please complete the current page before continuing.</value>
  </data>
  <data name="NavigationBar_Assessment_Introduction_Button_Title" xml:space="preserve">
    <value>Introduction (CTRL+ALT+B)</value>
  </data>
  <data name="NavigationBar_Assessment_NextQuestion_Button_Title" xml:space="preserve">
    <value>Next Question (CTRL+ALT+N)</value>
  </data>
  <data name="NavigationBar_Assessment_PreviousQuestion_Button_Title" xml:space="preserve">
    <value>Previous Question (CTRL+ALT+B)</value>
  </data>
  <data name="NavigationBar_Assessment_Review_Button_Title" xml:space="preserve">
    <value>Scorecard (CTRL+ALT+N)</value>
  </data>
  <data name="NavigationBar_Branching_NextStep_Button_Title" xml:space="preserve">
    <value>Next Step (CTRL+ALT+N)</value>
  </data>
  <data name="NavigationBar_Branching_PreviousStep_Button_Title" xml:space="preserve">
    <value>Previous Step (CTRL+ALT+B)</value>
  </data>
  <data name="NavigationBar_NextPage_Button_Title" xml:space="preserve">
    <value>Next Page (CTRL+ALT+N)</value>
  </data>
  <data name="NavigationBar_PreviousPage_Button_Title" xml:space="preserve">
    <value>Previous Page (CTRL+ALT+B)</value>
  </data>
  <data name="NavigationBar_WhatsNext_Text" xml:space="preserve">
    <value>NEXT: %%pageName%%</value>
  </data>
  <data name="Notify_OK_Text" xml:space="preserve">
    <value>OK</value>
  </data>
  <data name="Notify_Title_Text" xml:space="preserve">
    <value>Notification</value>
  </data>
  <data name="NoTranscript_Text" xml:space="preserve">
    <value>The author has not provided a transcript for this page.</value>
  </data>
  <data name="Page_Hint_Accordion" xml:space="preserve">
    <value>This page contains expandable items. There are {0} required items out of a total of {1} items. Use the buttons to expand and access the content. Use the escape key to close an expanded item.</value>
  </data>
  <data name="Page_Hint_ClickReveal" xml:space="preserve">
    <value>This page contains expandable items. There are {0} required items out of a total of {1} items. Use the buttons to expand and access the content. Use the escape key to close an expanded item.</value>
  </data>
  <data name="Page_Hint_Hotspot" xml:space="preserve">
    <value>This page contains hotspots. There are {0} required hotspots out of a total of {1} hotspots.  Use the buttons to expand and access the content. Use the escape key to close an expanded item.</value>
  </data>
  <data name="Page_Hint_LinkTile" xml:space="preserve">
    <value>This page contains tiles that will popup items. There are {0} required items out of a total of {1} items.  Use the buttons to expand and access the content. Use the escape key to close an open dialog or use the dialog's close button.</value>
  </data>
  <data name="Page_Hint_StepByStep" xml:space="preserve">
    <value>This page contains panels that will display content. There are {0} required items out of a total of {1} items. Use the next and previous buttons in the main content region to navigate between the panels.</value>
  </data>
  <data name="Page_Hint_Tab" xml:space="preserve">
    <value>This page contains tabs. There are {0} required tabs out of a total of {1} tabs. Use the tabs to access the content. </value>
  </data>
  <data name="ProgressBar_ModuleName_Info_Text_Format" xml:space="preserve">
    <value>Module {0}</value>
  </data>
  <data name="ProgressWidget_CompleteText" xml:space="preserve">
    <value>Credit Received</value>
  </data>
  <data name="ProgressWidget_ContentsOffTitle" xml:space="preserve">
    <value>Show Contents</value>
  </data>
  <data name="ProgressWidget_ContentsOnTitle" xml:space="preserve">
    <value>Hide Contents</value>
  </data>
  <data name="ProgressWidget_IncompleteText" xml:space="preserve">
    <value>%%number%% page%%plural%% remaining</value>
  </data>
  <data name="RC_Complete_Text" xml:space="preserve">
    <value>You have successfully completed the necessary requirements for this course.  Click the button below to confirm your understanding of the content and receive credit.</value>
  </data>
  <data name="RC_CreditButton_Text" xml:space="preserve">
    <value>Receive Credit</value>
  </data>
  <data name="RC_CreditReceived_Text" xml:space="preserve">
    <value>Congratulations! You are ready to apply the material presented in this course. You have successfully completed the requirements and have received credit for this course.</value>
  </data>
  <data name="RC_IncompleteModules_Text" xml:space="preserve">
    <value>You must complete these module(s): %%modules. After you complete the modules, return to this page to confirm your understanding of the action items and receive credit for the course.</value>
  </data>
  <data name="RC_IncompletePages_Text" xml:space="preserve">
    <value>You must complete these page(s): %%pages. After you complete the pages, return to this page to confirm your understanding of the action items and receive credit for the course.</value>
  </data>
  <data name="RC_ReceiveCredit_Text" xml:space="preserve">
    <value>Receive Credit</value>
  </data>
  <data name="RC_ReturnButton_Text" xml:space="preserve">
    <value>Return to Course</value>
  </data>
  <data name="ReportProblem_APSTeam_EmailAlias" xml:space="preserve">
    <value>apshelp@microsoft.com</value>
  </data>
  <data name="ReportProblem_EmailBody_Text" xml:space="preserve">
    <value>Please include any comments or information that might assist the Help Desk and Access Point tools teams troubleshoot your issue.

Please include the Service Request (SR) number assigned to this issue in the subject line of this email.  Including the Service Request (SR) number here ensures that the information you provide in this email is associated with the SR created for you by the Help desk.

User Comments:</value>
  </data>
  <data name="ReportProblem_EmailSubject_Text" xml:space="preserve">
    <value>IM# X-XXXXX for course %%courseName%% (%%buildId%%)</value>
  </data>
  <data name="ReportProblemDialog_Title_Text" xml:space="preserve">
    <value>Get Help</value>
  </data>
  <data name="ResourcesDialog_Header_Course" xml:space="preserve">
    <value>Course: </value>
  </data>
  <data name="ResourcesDialog_Header_Description" xml:space="preserve">
    <value>Description</value>
  </data>
  <data name="ResourcesDialog_Header_Name" xml:space="preserve">
    <value>Name</value>
  </data>
  <data name="ResourcesDialog_Header_Page" xml:space="preserve">
    <value>Page: </value>
  </data>
  <data name="ResourcesDialog_Title_Text" xml:space="preserve">
    <value>Resources</value>
  </data>
  <data name="ResourcesTable_Caption_Text" xml:space="preserve">
    <value>Resources</value>
  </data>
  <data name="SBA_ActionBegin_Text" xml:space="preserve">
    <value>begin</value>
  </data>
  <data name="SBA_ActionButtonNotScored_Text" xml:space="preserve">
    <value>Click score test to see how you did.</value>
  </data>
  <data name="SBA_ActionButtonRetryTest_Text" xml:space="preserve">
    <value>Retry</value>
  </data>
  <data name="SBA_ActionButtonScoredPassed_Text" xml:space="preserve">
    <value>Congratulations! You passed all sections. Your overall score was %%Score%%%. Review your results to view feedback on any questions you missed.</value>
  </data>
  <data name="SBA_ActionButtonScoredRetry_Text" xml:space="preserve">
    <value>You didn’t pass one or more sections. Review your results and then click retry to take the failed portions again.</value>
  </data>
  <data name="SBA_ActionButtonScoreTest_Text" xml:space="preserve">
    <value>Score Test</value>
  </data>
  <data name="SBA_ActionResume_Text" xml:space="preserve">
    <value>resume</value>
  </data>
  <data name="SBA_ActionReview_Text" xml:space="preserve">
    <value>review</value>
  </data>
  <data name="SBA_Assessment_Results_Status_Fail_Title" xml:space="preserve">
    <value>Scenario Complete</value>
  </data>
  <data name="SBA_Assessment_Results_Status_Incomplete_Title" xml:space="preserve">
    <value>%%number%% question%%plural%% remaining</value>
  </data>
  <data name="SBA_Assessment_Results_Status_Pass_Title" xml:space="preserve">
    <value>Scenario Complete</value>
  </data>
  <data name="SBA_Assessment_Results_Status_SBAUnscored_Title" xml:space="preserve">
    <value>Scenario Section Complete</value>
  </data>
  <data name="SBA_Assessment_Results_Status_Unscored_Title" xml:space="preserve">
    <value>Scenario Section Complete</value>
  </data>
  <data name="SBA_AssessmentResultsFailed_Text" xml:space="preserve">
    <value>You have not passed this section. Use the tiles at the right to review your incorrect answers.</value>
  </data>
  <data name="SBA_AssessmentResultsMoreQuestions_Text" xml:space="preserve">
    <value>%%number%% question(s) remaining</value>
  </data>
  <data name="SBA_AssessmentResultsNotScored_Text" xml:space="preserve">
    <value>You have answered all the questions in this section.</value>
  </data>
  <data name="SBA_AssessmentResultsPassed_Text" xml:space="preserve">
    <value>You have passed this section. Use the tiles on the right to review your incorrect answers</value>
  </data>
  <data name="SBA_LinearNavigationRequired_Text" xml:space="preserve">
    <value>You must complete test sections in order.</value>
  </data>
  <data name="SBA_NoAttemptsLeft_Text" xml:space="preserve">
    <value>You have used all of the attempts for this assessment.</value>
  </data>
  <data name="SBA_Remaining0_Text" xml:space="preserve">
    <value>no questions remaining</value>
  </data>
  <data name="SBA_RemainingMore_Text" xml:space="preserve">
    <value>%%number%% question(s) remaining</value>
  </data>
  <data name="SBA_RemainingXofY_Text" xml:space="preserve">
    <value>%%correct%%/%%total%% correct</value>
  </data>
  <data name="SBA_ResultComplete_Text" xml:space="preserve">
    <value>Complete</value>
  </data>
  <data name="SBA_ResultFailed_Text" xml:space="preserve">
    <value>Fail</value>
  </data>
  <data name="SBA_ResultPassed_Text" xml:space="preserve">
    <value>Pass</value>
  </data>
  <data name="SCORM_error" xml:space="preserve">
    <value>The course cannot communicate with the server.  Please close the course window and relaunch the course to enable the communication.</value>
  </data>
  <data name="ScreenReader_CourseIntro_Text" xml:space="preserve">
    <value>Usage instructions: This course has three regions that include the banner region, main region, and navigation regions. Use the previous and next buttons in the navigation region to make the main region navigate to all of the content pages in this course.</value>
  </data>
  <data name="ShareCourseUrl_EmailBody" xml:space="preserve">
    <value>You can re-launch "%%courseName%%" with this URL: %%courseURL%%</value>
  </data>
  <data name="ShareCourseUrl_EmailSubject" xml:space="preserve">
    <value>%%courseName%% URL</value>
  </data>
  <data name="ShareCourseUrl_Link" xml:space="preserve">
    <value>Create an email with the URL to this course.</value>
  </data>
  <data name="TableOfContentsDialog_Title_Text" xml:space="preserve">
    <value>Contents</value>
  </data>
  <data name="TaskProgress_Complete_Text" xml:space="preserve">
    <value>All Tasks Complete</value>
  </data>
  <data name="TaskProgress_Text" xml:space="preserve">
    <value>Tasks Complete</value>
  </data>
  <data name="Testout_AppBar_Button_Text" xml:space="preserve">
    <value>Test-out</value>
  </data>
  <data name="Timer_Label_Text" xml:space="preserve">
    <value>Time Remaining: </value>
  </data>
  <data name="Timer_LimitedTime_Text" xml:space="preserve">
    <value>You have 5 minutes left to complete this assessment. Unanswered questions will be marked as incorrect when the remaining time reaches 0.</value>
  </data>
  <data name="Timer_NavigateAway_Text" xml:space="preserve">
    <value>Do you want to leave this assessment? If you leave the assessment, all unanswered questions will be marked as incorrect and you may not be able to return to the assessment right away.</value>
  </data>
  <data name="Timer_NoTime_Text" xml:space="preserve">
    <value>The time limit for this assessment has been reached. The assessment is now complete.</value>
  </data>
  <data name="TracksDialog_EnforceSelectionMaximum" xml:space="preserve">
    <value>You may select only %%maxTracks%% track(s)</value>
    <comment>%%maxTracks%% is replaced by the maximum number of tracks allowed to be selected</comment>
  </data>
  <data name="TracksDialog_EnforceSelectionMinimum" xml:space="preserve">
    <value>You must select at least %%minTracks%% track(s)</value>
    <comment>%%minTracks%% is replaced by the minimum number of tracks required to be selected</comment>
  </data>
  <data name="TracksDialog_EnforceSelectionRange" xml:space="preserve">
    <value>You must select at least %%minTracks%% and no more than %%maxTracks%% tracks</value>
    <comment>%%minTracks%% is replaced by the minimum number of tracks required to be selected, %%maxTracks%% is replaced by the maximum number of tracks allowed to be selected</comment>
  </data>
  <data name="TracksDialog_HeaderInfo_Text" xml:space="preserve">
    <value>This course contains multiple tracks. Please select one or more tracks below based on your focus area. To complete the course, you must complete each of the modules within your selected track(s). You can return to the table of contents screen at any time to modify your selected track(s).</value>
  </data>
  <data name="TracksDialog_RequiredWarning_Text" xml:space="preserve">
    <value>This track is required. You cannot deselect required tracks.</value>
  </data>
  <data name="TracksDialog_SelectAndContinue_Button_Text" xml:space="preserve">
    <value>Select tracks and continue</value>
  </data>
  <data name="TracksDialog_Title_Text" xml:space="preserve">
    <value>Change Tracks</value>
  </data>
  <data name="TracksPage_EditRole_Button_Text" xml:space="preserve">
    <value>Edit Role</value>
  </data>
  <data name="TracksPage_EditRole_Button_TitleText" xml:space="preserve">
    <value>Click to edit your profile</value>
  </data>
  <data name="TracksPage_OptionalTrack_Text" xml:space="preserve">
    <value>Elective</value>
  </data>
  <data name="TracksPage_OptionalTracks_Text" xml:space="preserve">
    <value>Optional tracks in this course</value>
  </data>
  <data name="TracksPage_RequiredTrack_Text" xml:space="preserve">
    <value>Required</value>
  </data>
  <data name="TracksPage_RequiredTracks_Text" xml:space="preserve">
    <value>Required tracks in this course</value>
  </data>
  <data name="TracksPage_Sidebar_SelectionRequirementExact" xml:space="preserve">
    <value>Please select %%trackCount%% track(s) based on your focus area.</value>
  </data>
  <data name="TracksPage_Sidebar_SelectionRequirementMax" xml:space="preserve">
    <value>Please select at most %%maxTracks%% track(s) based on your focus area.</value>
  </data>
  <data name="TracksPage_Sidebar_SelectionRequirementMin" xml:space="preserve">
    <value>Please select at least %%minTracks%% track(s) based on your focus area.</value>
  </data>
  <data name="TracksPage_Sidebar_SelectionRequirementRange" xml:space="preserve">
    <value>Please select at least %%minTracks%% track(s) and at most %%maxTracks%% track(s) based on your focus area.</value>
  </data>
  <data name="TracksPage_Sidebar_Text" xml:space="preserve">
    <value>This course contains multiple tracks. %%selectionRequirement%% To complete the course, you must complete each of the modules within your selected track(s).</value>
  </data>
  <data name="UserProfileInfo_ServiceCall_Wait_Text" xml:space="preserve">
    <value>Retrieving profile information</value>
  </data>
  <data name="Video_Dialog_Close_Text" xml:space="preserve">
    <value>CLOSE</value>
  </data>
  <data name="VideoPlayer_CaptionsHide_Text" xml:space="preserve">
    <value>CC</value>
  </data>
  <data name="VideoPlayer_CaptionsShow_Text" xml:space="preserve">
    <value>CC</value>
  </data>
  <data name="VideoPlayer_Download_Text" xml:space="preserve">
    <value>Download copy of video</value>
  </data>
  <data name="VideoPlayer_DownloadVideo_Text" xml:space="preserve">
    <value>Download</value>
  </data>
  <data name="VideoPlayer_ErrorDiagnostic_Text" xml:space="preserve">
    <value>Click here to run diagnostic tests</value>
  </data>
  <data name="VideoPlayer_ErrorFile_Text" xml:space="preserve">
    <value>Click the following link to load the video with the video player installed on your computer: </value>
  </data>
  <data name="VideoPlayer_ErrorHelp_Text" xml:space="preserve">
    <value>Click here for support from fasthelp</value>
  </data>
  <data name="VideoPlayer_ErrorMark_Text" xml:space="preserve">
    <value>Click here to get credit for completing this page and continue with your course</value>
  </data>
  <data name="VideoPlayer_ErrorNumber_Text" xml:space="preserve">
    <value>There was a problem loading the video for this page. Video error: </value>
  </data>
  <data name="VideoPlayer_ErrorRetry_Text" xml:space="preserve">
    <value>Attempting to re-load video to correct the video loading problem. Reload #</value>
  </data>
  <data name="VideoPlayer_Faster_Text" xml:space="preserve">
    <value>Faster</value>
  </data>
  <data name="VideoPlayer_FullScreen_Text" xml:space="preserve">
    <value>Toggle Full Screen</value>
  </data>
  <data name="VideoPlayer_HighDefinition_Text" xml:space="preserve">
    <value>HD</value>
  </data>
  <data name="VideoPlayer_Slower_Text" xml:space="preserve">
    <value>Slower</value>
  </data>
  <data name="VideoPlayer_StandardDefinition_Text" xml:space="preserve">
    <value>SD</value>
  </data>
  <data name="VideoPlayer_Transcript_Text" xml:space="preserve">
    <value>Toggle Between Contents and Video Transcript</value>
  </data>
  <data name="VideoPlayer_TranscriptShow_Text" xml:space="preserve">
    <value>Toggle Contents and Transcript Display</value>
  </data>
  <data name="VideoPlayer_VideoCaptionsButton_Text" xml:space="preserve">
    <value>Toggle closed captions</value>
  </data>
  <data name="VideoPlayer_VideoQuality_Text" xml:space="preserve">
    <value>QUALITY</value>
  </data>
  <data name="VideoPlayer_VideoQualityHigh_Text" xml:space="preserve">
    <value>High</value>
  </data>
  <data name="VideoPlayer_VideoQualityLow_Text" xml:space="preserve">
    <value>Low</value>
  </data>
  <data name="VideoPlayer_VideoQualityMedium_Text" xml:space="preserve">
    <value>Standard</value>
  </data>
  <data name="VideoPlayer_VideoQualitySelectorTooltip_Text" xml:space="preserve">
    <value>Change quality setting</value>
  </data>
  <data name="VideoPlayer_VideoSpeed_Text" xml:space="preserve">
    <value>SPEED</value>
  </data>
  <data name="VideoPlayer_VideoSpeedNormal_Text" xml:space="preserve">
    <value>Normal</value>
  </data>
  <data name="VideoPlayer_VideoSpeedSelectorTooltip_Text" xml:space="preserve">
    <value>Change playback speed setting</value>
  </data>
  <data name="VideoPlayer_VideoTimelineSlider_Text" xml:space="preserve">
    <value>Move forward or back in video</value>
  </data>
  <data name="VideoPlayer_VideoVolume_Text" xml:space="preserve">
    <value>VOL</value>
  </data>
  <data name="VideoPlayer_VideoVolumeSlider_Text" xml:space="preserve">
    <value>Raise or lower volume</value>
  </data>
  <data name="VideoPlayerMini_VideoQuality_Text" xml:space="preserve">
    <value>QTY</value>
  </data>
  <data name="VideoPlayerMini_VideoQualityHigh_Text" xml:space="preserve">
    <value>HIGH</value>
  </data>
  <data name="VideoPlayerMini_VideoQualityLow_Text" xml:space="preserve">
    <value>LOW</value>
  </data>
  <data name="VideoPlayerMini_VideoQualityMedium_Text" xml:space="preserve">
    <value>STD</value>
  </data>
  <data name="VideoPlayerMini_VideoSpeed_Text" xml:space="preserve">
    <value>SPD</value>
  </data>
  <data name="VideoPlayerMini_VideoSpeedNormal_Text" xml:space="preserve">
    <value>1x</value>
  </data>
  <data name="VideoPlayerMini_VideoVolume_Text" xml:space="preserve">
    <value>VOL</value>
  </data>
  <data name="Welcome_BENEFITS_Text" xml:space="preserve">
    <value>BENEFITS</value>
  </data>
  <data name="Welcome_CREDITS_Text" xml:space="preserve">
    <value>CREDITS</value>
  </data>
  <data name="Welcome_DESCRIPTION_Text" xml:space="preserve">
    <value>DESCRIPTION</value>
  </data>
  <data name="Welcome_GetHelp_Text" xml:space="preserve">
    <value>Get Help</value>
  </data>
  <data name="Welcome_OptionalContent_CheckBox_Text" xml:space="preserve">
    <value>Show optional content</value>
  </data>
  <data name="Welcome_TestOut_Button_Text" xml:space="preserve">
    <value>Test Out</value>
  </data>
  <data name="Welcome_TestOut_Title_Text" xml:space="preserve">
    <value>Save Time?</value>
  </data>
  <data name="Welcome_TestOutNonAdaptive_Info_Html" xml:space="preserve">
    <value>To save time, choose the &lt;b&gt;Test-out&lt;/b&gt; option. If you are able to demonstrate your mastery of this subject, you will receive full credit for this course.</value>
  </data>
  <data name="WhoIsYourDivisionPresident_Question_Text" xml:space="preserve">
    <value>Who is your division president?</value>
  </data>
</root>